respondent_id,priority_area
1,Energy efficiency
1,Swedish production/jobs in Sweden
1,Good working conditions in Swedish workplaces
2,Climate change
2,Other environmental issues e.g. forest conservation or marine environment
2,Sustainable transport
2,Energy efficiency
3,Recycling & reuse of materials
3,Energy efficiency
3,Engaging in the local community in Sweden
4,Climate change
4,Sustainable transport
4,Energy efficiency
4,Swedish production/jobs in Sweden
5,Recycling & reuse of materials
5,Energy efficiency
5,Gender equality & feminism
5,Technical innovations and solutions to sustainability challenges
6,Organic products
6,Energy efficiency
6,Good working conditions in Swedish workplaces
6,Good working conditions in factories/production abroad
7,Sustainable transport
7,Energy efficiency
7,Diversity
7,anti-racism & inclusive societies
7,Combating corruption & other irregularities
8,Recycling & reuse of materials
8,Swedish products
8,Engaging in the local community in Sweden
8,Technical innovations and solutions to sustainability challenges
9,Biodiversity - animals
9,plants & ecosystems
9,Organic products
9,Swedish products
9,Diversity
9,anti-racism & inclusive societies
10,Good working conditions in Swedish workplaces
10,Technical innovations and solutions to sustainability challenges
11,Recycling & reuse of materials
11,Sustainable/environmentally friendly packaging
11,Animal care
11,Good working conditions in factories/production abroad
13,Other environmental issues e.g. forest conservation or marine environment
13,Working against mental illness
13,Good working conditions in factories/production abroad
13,Combating corruption & other irregularities
14,Sustainable transport
14,Gender equality & feminism
14,Diversity
14,anti-racism & inclusive societies
14,Good working conditions in Swedish workplaces
15,Other environmental issues e.g. forest conservation or marine environment
15,Sustainable/environmentally friendly packaging
15,Gender equality & feminism
15,Make financial investments in sustainable companies
16,Climate change
16,Biodiversity - animals
16,plants & ecosystems
16,Sustainable transport
16,Other:
18,Swedish products
18,Swedish production/jobs in Sweden
20,Climate change
20,Diversity
20,anti-racism & inclusive societies
20,Combating corruption & other irregularities
20,Technical innovations and solutions to sustainability challenges
22,Recycling & reuse of materials
22,Energy efficiency
22,Healthy/health-promoting products/services
22,LGBTQ issues
23,Biodiversity - animals
23,plants & ecosystems
23,Good working conditions in Swedish workplaces
23,Combating corruption & other irregularities
23,Technical innovations and solutions to sustainability challenges
24,Climate change
24,Recycling & reuse of materials
24,Gender equality & feminism
24,Good working conditions in Swedish workplaces
25,Swedish products
25,Swedish production/jobs in Sweden
25,Good working conditions in Swedish workplaces
25,Combating corruption & other irregularities
26,Good working conditions in Swedish workplaces
27,Climate change
27,Biodiversity - animals
27,plants & ecosystems
27,Animal care
27,Diversity
27,anti-racism & inclusive societies
28,Climate change
28,Recycling & reuse of materials
28,Sustainable transport
28,Gender equality & feminism
29,Good working conditions in factories/production abroad
30,Climate change
30,Other environmental issues e.g. forest conservation or marine environment
30,Recycling & reuse of materials
30,Combating corruption & other irregularities
31,Recycling & reuse of materials
31,Sustainable transport
31,Diversity
31,anti-racism & inclusive societies
31,Technical innovations and solutions to sustainability challenges
32,Sustainable/environmentally friendly packaging
32,Swedish production/jobs in Sweden
32,LGBTQ issues
32,Good working conditions in factories/production abroad
33,Good working conditions in factories/production abroad
34,Climate change
34,Sustainable transport
34,Swedish production/jobs in Sweden
34,Animal care
35,Swedish production/jobs in Sweden
35,Working against mental illness
35,LGBTQ issues
35,Good working conditions in Swedish workplaces
36,Climate change
36,Diversity
36,anti-racism & inclusive societies
36,Good working conditions in Swedish workplaces
36,Good working conditions in factories/production abroad
37,Climate change
37,Biodiversity - animals
37,plants & ecosystems
37,Other environmental issues e.g. forest conservation or marine environment
37,Gender equality & feminism
38,Recycling & reuse of materials
38,Sustainable/environmentally friendly packaging
38,Working against mental illness
38,Good working conditions in Swedish workplaces
39,Climate change
39,Organic products
39,Recycling & reuse of materials
39,Diversity
39,anti-racism & inclusive societies
40,Working against mental illness
41,Recycling & reuse of materials
41,Working against mental illness
41,Good working conditions in Swedish workplaces
41,Combating corruption & other irregularities
42,Swedish products
42,Good working conditions in Swedish workplaces
42,Good working conditions in factories/production abroad
42,Technical innovations and solutions to sustainability challenges
43,Organic products
43,Sustainable transport
43,Good working conditions in Swedish workplaces
43,Good working conditions in factories/production abroad
44,Energy efficiency
44,Combating corruption & other irregularities
44,Other:
45,Good working conditions in Swedish workplaces
46,Recycling & reuse of materials
46,Energy efficiency
46,Good working conditions in Swedish workplaces
46,Combating corruption & other irregularities
47,Swedish products
47,Healthy/health-promoting products/services
47,Good working conditions in Swedish workplaces
47,Combating corruption & other irregularities
48,Energy efficiency
48,Working against mental illness
48,Technical innovations and solutions to sustainability challenges
50,Recycling & reuse of materials
50,Sustainable/environmentally friendly packaging
50,Healthy/health-promoting products/services
50,Make financial investments in sustainable companies
51,Swedish production/jobs in Sweden
51,Healthy/health-promoting products/services
51,Animal care
51,Good working conditions in Swedish workplaces
52,Energy efficiency
52,Swedish products
52,Swedish production/jobs in Sweden
53,Other:
54,Climate change
54,Sustainable transport
54,Energy efficiency
54,Gender equality & feminism
55,Climate change
55,Recycling & reuse of materials
55,Energy efficiency
55,Good working conditions in factories/production abroad
57,Other environmental issues e.g. forest conservation or marine environment
57,Swedish production/jobs in Sweden
57,Animal care
57,Combating corruption & other irregularities
58,Energy efficiency
58,Swedish production/jobs in Sweden
58,Healthy/health-promoting products/services
58,Good working conditions in Swedish workplaces
59,Organic products
59,Energy efficiency
59,Swedish products
59,Good working conditions in Swedish workplaces
60,Other environmental issues e.g. forest conservation or marine environment
60,Organic products
60,Sustainable/environmentally friendly packaging
60,Sustainable transport
61,Biodiversity - animals
61,plants & ecosystems
61,Swedish products
61,Combating corruption & other irregularities
62,Climate change
62,Sustainable/environmentally friendly packaging
62,Sustainable transport
62,Swedish production/jobs in Sweden
63,Engaging in the local community in Sweden
63,Technical innovations and solutions to sustainability challenges
64,Swedish products
64,Swedish production/jobs in Sweden
64,Good working conditions in Swedish workplaces
65,Healthy/health-promoting products/services
65,Engaging in the local community in Sweden
65,Combating corruption & other irregularities
65,Technical innovations and solutions to sustainability challenges
66,Biodiversity - animals
66,plants & ecosystems
66,Other environmental issues e.g. forest conservation or marine environment
66,Swedish products
66,Engaging in the local community in Sweden
67,Swedish products
67,Swedish production/jobs in Sweden
68,Swedish production/jobs in Sweden
68,Good working conditions in Swedish workplaces
68,Combating corruption & other irregularities
68,Technical innovations and solutions to sustainability challenges
69,Recycling & reuse of materials
69,Energy efficiency
69,Working against mental illness
69,Engaging in the local community in Sweden
70,Recycling & reuse of materials
70,Energy efficiency
70,Good working conditions in Swedish workplaces
70,Make financial investments in sustainable companies
71,Sustainable/environmentally friendly packaging
71,Swedish production/jobs in Sweden
71,Engaging in the local community in Sweden
71,Combating corruption & other irregularities
72,Energy efficiency
72,Animal care
73,Sustainable/environmentally friendly packaging
73,Swedish products
73,Swedish production/jobs in Sweden
73,Healthy/health-promoting products/services
74,Climate change
74,Recycling & reuse of materials
74,Energy efficiency
74,Swedish products
75,Climate change
75,Biodiversity - animals
75,plants & ecosystems
75,Healthy/health-promoting products/services
75,Diversity
75,anti-racism & inclusive societies
76,Energy efficiency
76,Swedish products
76,Swedish production/jobs in Sweden
76,Gender equality & feminism
77,Recycling & reuse of materials
77,Working against mental illness
77,Good working conditions in Swedish workplaces
77,Technical innovations and solutions to sustainability challenges
78,Climate change
78,Recycling & reuse of materials
78,Swedish products
78,Animal care
79,LGBTQ issues
79,Good working conditions in Swedish workplaces
79,Good working conditions in factories/production abroad
79,Engaging in the local community in Sweden
80,Climate change
80,Sustainable/environmentally friendly packaging
80,Gender equality & feminism
80,Combating corruption & other irregularities
81,Swedish production/jobs in Sweden
81,Healthy/health-promoting products/services
81,Good working conditions in Swedish workplaces
81,Good working conditions in factories/production abroad
82,Good working conditions in Swedish workplaces
82,Engaging in the local community in Sweden
83,Swedish production/jobs in Sweden
83,Combating corruption & other irregularities
83,Technical innovations and solutions to sustainability challenges
83,Make financial investments in sustainable companies
84,Swedish products
84,Working against mental illness
84,Gender equality & feminism
84,Good working conditions in Swedish workplaces
85,Biodiversity - animals
85,plants & ecosystems
85,Recycling & reuse of materials
85,Swedish products
85,Technical innovations and solutions to sustainability challenges
86,Recycling & reuse of materials
86,Sustainable/environmentally friendly packaging
86,Sustainable transport
86,Energy efficiency
87,Sustainable/environmentally friendly packaging
87,Energy efficiency
87,Good working conditions in Swedish workplaces
87,Good working conditions in factories/production abroad
88,Organic products
88,Sustainable transport
88,Swedish production/jobs in Sweden
88,Technical innovations and solutions to sustainability challenges
89,Organic products
89,Swedish products
89,Swedish production/jobs in Sweden
89,Combating corruption & other irregularities
90,Recycling & reuse of materials
90,Energy efficiency
90,Swedish products
90,Good working conditions in Swedish workplaces
91,Recycling & reuse of materials
91,Diversity
91,anti-racism & inclusive societies
91,Good working conditions in factories/production abroad
92,Organic products
92,Recycling & reuse of materials
92,Sustainable transport
92,Diversity
92,anti-racism & inclusive societies
93,Recycling & reuse of materials
93,Energy efficiency
93,Working against mental illness
93,Good working conditions in Swedish workplaces
94,Combating corruption & other irregularities
94,Technical innovations and solutions to sustainability challenges
96,Swedish production/jobs in Sweden
96,Working against mental illness
96,Technical innovations and solutions to sustainability challenges
96,Make financial investments in sustainable companies
97,Energy efficiency
97,Swedish production/jobs in Sweden
97,Working against mental illness
98,Climate change
98,Recycling & reuse of materials
98,Diversity
98,anti-racism & inclusive societies
98,Combating corruption & other irregularities
99,Recycling & reuse of materials
99,Swedish products
99,Good working conditions in Swedish workplaces
99,Good working conditions in factories/production abroad
100,Recycling & reuse of materials
100,Animal care
100,Good working conditions in Swedish workplaces
100,Technical innovations and solutions to sustainability challenges
101,Recycling & reuse of materials
101,Sustainable/environmentally friendly packaging
101,Swedish production/jobs in Sweden
101,Diversity
101,anti-racism & inclusive societies
102,Climate change
102,Sustainable transport
102,Swedish production/jobs in Sweden
102,Good working conditions in Swedish workplaces
104,Swedish products
104,Engaging in the local community in Sweden
104,Combating corruption & other irregularities
104,Other:
105,Sustainable transport
105,Energy efficiency
105,Diversity
105,anti-racism & inclusive societies
105,Combating corruption & other irregularities
106,Swedish production/jobs in Sweden
106,Gender equality & feminism
106,Technical innovations and solutions to sustainability challenges
106,Make financial investments in sustainable companies
107,Climate change
107,Recycling & reuse of materials
107,Healthy/health-promoting products/services
107,Working against mental illness
108,Biodiversity - animals
108,plants & ecosystems
108,Recycling & reuse of materials
108,Sustainable/environmentally friendly packaging
108,Sustainable transport
109,Other environmental issues e.g. forest conservation or marine environment
109,Sustainable/environmentally friendly packaging
109,Animal care
110,Climate change
110,Sustainable transport
110,Good working conditions in Swedish workplaces
110,Good working conditions in factories/production abroad
111,Other environmental issues e.g. forest conservation or marine environment
111,Organic products
111,Animal care
111,Combating corruption & other irregularities
113,Energy efficiency
113,Swedish production/jobs in Sweden
113,Good working conditions in factories/production abroad
113,Combating corruption & other irregularities
114,Climate change
114,Biodiversity - animals
114,plants & ecosystems
114,Other environmental issues e.g. forest conservation or marine environment
114,LGBTQ issues
115,Climate change
115,Sustainable transport
115,Swedish products
115,Good working conditions in Swedish workplaces
116,Recycling & reuse of materials
116,Sustainable/environmentally friendly packaging
116,Sustainable transport
116,Good working conditions in factories/production abroad
117,Climate change
117,Biodiversity - animals
117,plants & ecosystems
117,Diversity
117,anti-racism & inclusive societies
117,Good working conditions in Swedish workplaces
118,Recycling & reuse of materials
118,Combating corruption & other irregularities
119,Energy efficiency
119,Healthy/health-promoting products/services
119,Good working conditions in Swedish workplaces
119,Engaging in the local community in Sweden
120,Climate change
120,Recycling & reuse of materials
120,Sustainable transport
120,Diversity
120,anti-racism & inclusive societies
121,Organic products
121,Recycling & reuse of materials
121,Swedish production/jobs in Sweden
121,Technical innovations and solutions to sustainability challenges
122,Healthy/health-promoting products/services
122,Gender equality & feminism
122,Diversity
122,anti-racism & inclusive societies
122,Good working conditions in factories/production abroad
123,Recycling & reuse of materials
123,Energy efficiency
123,Swedish products
123,Engaging in the local community in Sweden
124,Organic products
124,Animal care
124,Gender equality & feminism
124,Good working conditions in Swedish workplaces
126,Swedish products
126,Swedish production/jobs in Sweden
126,Good working conditions in Swedish workplaces
126,Combating corruption & other irregularities
127,Climate change
127,Recycling & reuse of materials
127,Swedish production/jobs in Sweden
128,Energy efficiency
128,Swedish products
128,Good working conditions in Swedish workplaces
128,Technical innovations and solutions to sustainability challenges
129,Sustainable/environmentally friendly packaging
129,Swedish products
129,Gender equality & feminism
129,Good working conditions in factories/production abroad
130,Working against mental illness
130,Gender equality & feminism
130,Diversity
130,anti-racism & inclusive societies
130,Good working conditions in Swedish workplaces
131,Climate change
131,Biodiversity - animals
131,plants & ecosystems
131,Energy efficiency
131,Good working conditions in Swedish workplaces
132,Working against mental illness
132,Good working conditions in Swedish workplaces
132,Combating corruption & other irregularities
132,Technical innovations and solutions to sustainability challenges
133,Recycling & reuse of materials
133,Good working conditions in Swedish workplaces
133,Good working conditions in factories/production abroad
133,Technical innovations and solutions to sustainability challenges
134,Swedish production/jobs in Sweden
134,Good working conditions in Swedish workplaces
135,Climate change
135,Recycling & reuse of materials
135,Swedish production/jobs in Sweden
137,Sustainable transport
137,Energy efficiency
137,Swedish production/jobs in Sweden
137,Engaging in the local community in Sweden
138,Recycling & reuse of materials
138,Swedish products
138,Animal care
138,Combating corruption & other irregularities
139,Working against mental illness
139,LGBTQ issues
139,Good working conditions in Swedish workplaces
139,Engaging in the local community in Sweden
142,Climate change
142,Recycling & reuse of materials
142,Sustainable/environmentally friendly packaging
142,Energy efficiency
143,Recycling & reuse of materials
143,Swedish production/jobs in Sweden
143,Good working conditions in factories/production abroad
143,Make financial investments in sustainable companies
144,Sustainable/environmentally friendly packaging
144,Swedish production/jobs in Sweden
144,LGBTQ issues
144,Good working conditions in Swedish workplaces
145,Climate change
145,Biodiversity - animals
145,plants & ecosystems
145,Diversity
145,anti-racism & inclusive societies
145,Good working conditions in factories/production abroad
146,Organic products
146,Sustainable transport
146,Animal care
146,Make financial investments in sustainable companies
147,Climate change
147,Swedish products
147,Good working conditions in factories/production abroad
147,Combating corruption & other irregularities
148,Sustainable transport
148,Swedish products
148,Good working conditions in factories/production abroad
148,Combating corruption & other irregularities
149,Swedish products
149,Swedish production/jobs in Sweden
149,Good working conditions in Swedish workplaces
149,Good working conditions in factories/production abroad
150,Gender equality & feminism
150,LGBTQ issues
150,Good working conditions in Swedish workplaces
150,Engaging in the local community in Sweden
152,Healthy/health-promoting products/services
152,Good working conditions in factories/production abroad
154,Climate change
154,Recycling & reuse of materials
154,Energy efficiency
154,Diversity
154,anti-racism & inclusive societies
155,Organic products
155,Sustainable/environmentally friendly packaging
155,Energy efficiency
155,Animal care
157,Recycling & reuse of materials
157,Swedish production/jobs in Sweden
157,Animal care
157,Good working conditions in Swedish workplaces
158,Recycling & reuse of materials
158,Energy efficiency
159,Healthy/health-promoting products/services
159,Good working conditions in factories/production abroad
159,Combating corruption & other irregularities
159,Technical innovations and solutions to sustainability challenges
160,Diversity
160,anti-racism & inclusive societies
160,Good working conditions in factories/production abroad
161,Energy efficiency
161,Swedish production/jobs in Sweden
161,Good working conditions in Swedish workplaces
161,Engaging in the local community in Sweden
162,Climate change
162,Recycling & reuse of materials
162,Sustainable transport
162,Good working conditions in Swedish workplaces
163,Climate change
163,Good working conditions in Swedish workplaces
164,Climate change
164,Other environmental issues e.g. forest conservation or marine environment
164,Swedish production/jobs in Sweden
164,Diversity
164,anti-racism & inclusive societies
165,Recycling & reuse of materials
165,Sustainable/environmentally friendly packaging
165,Good working conditions in Swedish workplaces
167,Other environmental issues e.g. forest conservation or marine environment
167,Recycling & reuse of materials
167,Healthy/health-promoting products/services
167,Good working conditions in factories/production abroad
168,Recycling & reuse of materials
168,Swedish products
168,Animal care
168,Good working conditions in Swedish workplaces
170,Energy efficiency
170,Healthy/health-promoting products/services
170,Good working conditions in Swedish workplaces
170,Good working conditions in factories/production abroad
172,Climate change
172,Recycling & reuse of materials
172,Swedish production/jobs in Sweden
172,Technical innovations and solutions to sustainability challenges
173,Climate change
173,Energy efficiency
173,Working against mental illness
173,Technical innovations and solutions to sustainability challenges
174,Organic products
174,Sustainable/environmentally friendly packaging
174,Diversity
174,anti-racism & inclusive societies
174,Make financial investments in sustainable companies
176,Organic products
176,Sustainable/environmentally friendly packaging
176,Sustainable transport
176,Diversity
176,anti-racism & inclusive societies
177,Biodiversity - animals
177,plants & ecosystems
177,Energy efficiency
177,Engaging in the local community in Sweden
177,Combating corruption & other irregularities
178,Climate change
178,Recycling & reuse of materials
178,Healthy/health-promoting products/services
178,Good working conditions in factories/production abroad
179,Other environmental issues e.g. forest conservation or marine environment
179,Recycling & reuse of materials
179,Animal care
179,Gender equality & feminism
180,Recycling & reuse of materials
180,Sustainable/environmentally friendly packaging
180,Diversity
180,anti-racism & inclusive societies
180,Good working conditions in Swedish workplaces
181,Biodiversity - animals
181,plants & ecosystems
181,Good working conditions in Swedish workplaces
181,Engaging in the local community in Sweden
182,Recycling & reuse of materials
182,Diversity
182,anti-racism & inclusive societies
182,Good working conditions in factories/production abroad
182,Make financial investments in sustainable companies
184,Biodiversity - animals
184,plants & ecosystems
184,Recycling & reuse of materials
184,Diversity
184,anti-racism & inclusive societies
184,Engaging in the local community in Sweden
185,Organic products
185,Gender equality & feminism
185,Diversity
185,anti-racism & inclusive societies
185,Good working conditions in Swedish workplaces
186,Recycling & reuse of materials
186,Swedish production/jobs in Sweden
186,Combating corruption & other irregularities
186,Technical innovations and solutions to sustainability challenges
187,Energy efficiency
187,Good working conditions in Swedish workplaces
187,Combating corruption & other irregularities
187,Technical innovations and solutions to sustainability challenges
188,Sustainable transport
188,Energy efficiency
188,Good working conditions in Swedish workplaces
188,Good working conditions in factories/production abroad
189,Swedish production/jobs in Sweden
189,Engaging in the local community in Sweden
190,Climate change
190,Biodiversity - animals
190,plants & ecosystems
190,Swedish production/jobs in Sweden
190,Combating corruption & other irregularities
191,Recycling & reuse of materials
191,Swedish production/jobs in Sweden
191,Animal care
191,Make financial investments in sustainable companies
192,Climate change
192,Gender equality & feminism
192,Good working conditions in Swedish workplaces
193,Recycling & reuse of materials
193,Swedish products
193,Swedish production/jobs in Sweden
193,Good working conditions in Swedish workplaces
194,Working against mental illness
194,Diversity
194,anti-racism & inclusive societies
194,LGBTQ issues
194,Technical innovations and solutions to sustainability challenges
195,Good working conditions in Swedish workplaces
196,Organic products
196,Recycling & reuse of materials
196,Swedish production/jobs in Sweden
196,Healthy/health-promoting products/services
197,Recycling & reuse of materials
197,Sustainable/environmentally friendly packaging
197,Good working conditions in Swedish workplaces
197,Engaging in the local community in Sweden
198,Climate change
198,Biodiversity - animals
198,plants & ecosystems
198,Animal care
198,LGBTQ issues
199,Recycling & reuse of materials
199,Sustainable/environmentally friendly packaging
199,Swedish production/jobs in Sweden
199,Diversity
199,anti-racism & inclusive societies
200,Climate change
200,Working against mental illness
200,Diversity
200,anti-racism & inclusive societies
200,Good working conditions in Swedish workplaces
201,Recycling & reuse of materials
201,Gender equality & feminism
201,Good working conditions in Swedish workplaces
201,Technical innovations and solutions to sustainability challenges
202,Other environmental issues e.g. forest conservation or marine environment
202,Recycling & reuse of materials
202,Healthy/health-promoting products/services
202,Good working conditions in Swedish workplaces
203,Climate change
203,Sustainable transport
203,Good working conditions in factories/production abroad
203,Technical innovations and solutions to sustainability challenges
204,Climate change
204,Sustainable/environmentally friendly packaging
204,Swedish production/jobs in Sweden
204,Good working conditions in factories/production abroad
205,Climate change
205,Good working conditions in Swedish workplaces
205,Good working conditions in factories/production abroad
205,Combating corruption & other irregularities
206,Recycling & reuse of materials
206,Good working conditions in Swedish workplaces
206,Good working conditions in factories/production abroad
206,Combating corruption & other irregularities
207,Sustainable/environmentally friendly packaging
207,Gender equality & feminism
207,Diversity
207,anti-racism & inclusive societies
207,Good working conditions in Swedish workplaces
208,Sustainable/environmentally friendly packaging
208,Gender equality & feminism
208,Diversity
208,anti-racism & inclusive societies
208,Good working conditions in factories/production abroad
209,Recycling & reuse of materials
209,Energy efficiency
209,Good working conditions in Swedish workplaces
209,Engaging in the local community in Sweden
210,Climate change
210,Swedish products
210,Swedish production/jobs in Sweden
210,Good working conditions in Swedish workplaces
211,Climate change
211,Recycling & reuse of materials
211,Gender equality & feminism
211,Good working conditions in Swedish workplaces
212,Energy efficiency
212,Swedish products
212,Swedish production/jobs in Sweden
212,Good working conditions in Swedish workplaces
213,Swedish products
214,Swedish production/jobs in Sweden
214,Working against mental illness
214,Good working conditions in Swedish workplaces
214,Good working conditions in factories/production abroad
215,Energy efficiency
215,Swedish production/jobs in Sweden
215,Engaging in the local community in Sweden
215,Combating corruption & other irregularities
216,Energy efficiency
216,Technical innovations and solutions to sustainability challenges
217,Biodiversity - animals
217,plants & ecosystems
217,Sustainable transport
217,Good working conditions in Swedish workplaces
217,Good working conditions in factories/production abroad
218,Climate change
218,Energy efficiency
218,Healthy/health-promoting products/services
218,Engaging in the local community in Sweden
219,Climate change
219,Technical innovations and solutions to sustainability challenges
220,Climate change
220,Recycling & reuse of materials
220,Gender equality & feminism
220,Good working conditions in factories/production abroad
221,Biodiversity - animals
221,plants & ecosystems
221,Swedish production/jobs in Sweden
221,Good working conditions in factories/production abroad
221,Engaging in the local community in Sweden
222,Climate change
222,Organic products
222,Recycling & reuse of materials
222,Healthy/health-promoting products/services
223,Recycling & reuse of materials
223,Sustainable/environmentally friendly packaging
223,Good working conditions in Swedish workplaces
224,Recycling & reuse of materials
224,Swedish products
224,Good working conditions in factories/production abroad
224,Technical innovations and solutions to sustainability challenges
226,Climate change
226,Working against mental illness
226,Gender equality & feminism
226,Technical innovations and solutions to sustainability challenges
227,Sustainable/environmentally friendly packaging
227,Sustainable transport
227,Energy efficiency
227,Diversity
227,anti-racism & inclusive societies
229,Swedish products
229,Swedish production/jobs in Sweden
229,Good working conditions in factories/production abroad
229,Combating corruption & other irregularities
230,Climate change
230,Recycling & reuse of materials
230,Sustainable transport
230,Healthy/health-promoting products/services
231,Organic products
231,Sustainable transport
231,Energy efficiency
231,Other:
232,Sustainable/environmentally friendly packaging
232,Swedish products
232,Good working conditions in factories/production abroad
232,Engaging in the local community in Sweden
233,Recycling & reuse of materials
233,Swedish products
233,Swedish production/jobs in Sweden
233,Engaging in the local community in Sweden
234,Recycling & reuse of materials
234,Engaging in the local community in Sweden
235,Climate change
235,Swedish production/jobs in Sweden
235,Good working conditions in Swedish workplaces
235,Technical innovations and solutions to sustainability challenges
236,Biodiversity - animals
236,plants & ecosystems
236,Good working conditions in Swedish workplaces
236,Good working conditions in factories/production abroad
237,Swedish production/jobs in Sweden
237,Good working conditions in Swedish workplaces
237,Good working conditions in factories/production abroad
237,Technical innovations and solutions to sustainability challenges
238,Recycling & reuse of materials
238,Sustainable transport
238,Healthy/health-promoting products/services
239,Energy efficiency
239,Swedish production/jobs in Sweden
239,Healthy/health-promoting products/services
239,Combating corruption & other irregularities
240,Recycling & reuse of materials
240,Sustainable transport
240,Animal care
240,Technical innovations and solutions to sustainability challenges
241,Recycling & reuse of materials
241,Sustainable transport
241,Swedish production/jobs in Sweden
241,Good working conditions in Swedish workplaces
242,Recycling & reuse of materials
242,Swedish production/jobs in Sweden
242,Combating corruption & other irregularities
243,Good working conditions in Swedish workplaces
243,Good working conditions in factories/production abroad
243,Combating corruption & other irregularities
244,Recycling & reuse of materials
244,Sustainable transport
244,Gender equality & feminism
244,Technical innovations and solutions to sustainability challenges
245,Climate change
245,Biodiversity - animals
245,plants & ecosystems
245,Sustainable/environmentally friendly packaging
245,Sustainable transport
246,Swedish products
246,Swedish production/jobs in Sweden
246,Good working conditions in Swedish workplaces
246,Engaging in the local community in Sweden
247,Sustainable/environmentally friendly packaging
247,Sustainable transport
247,Gender equality & feminism
247,Good working conditions in factories/production abroad
248,Climate change
248,Organic products
248,Recycling & reuse of materials
248,Healthy/health-promoting products/services
249,Sustainable/environmentally friendly packaging
249,Diversity
249,anti-racism & inclusive societies
249,Good working conditions in Swedish workplaces
250,Diversity
250,anti-racism & inclusive societies
250,Good working conditions in Swedish workplaces
250,Good working conditions in factories/production abroad
250,Combating corruption & other irregularities
251,Recycling & reuse of materials
251,Sustainable/environmentally friendly packaging
251,Swedish products
251,Working against mental illness
252,Swedish products
252,Healthy/health-promoting products/services
252,Good working conditions in Swedish workplaces
252,Combating corruption & other irregularities
253,Climate change
253,Recycling & reuse of materials
253,Energy efficiency
253,Swedish production/jobs in Sweden
254,Recycling & reuse of materials
254,Sustainable/environmentally friendly packaging
254,Swedish products
255,Sustainable/environmentally friendly packaging
255,Sustainable transport
255,Swedish production/jobs in Sweden
255,Good working conditions in Swedish workplaces
256,Recycling & reuse of materials
256,Sustainable transport
256,Energy efficiency
256,Combating corruption & other irregularities
257,Climate change
257,Biodiversity - animals
257,plants & ecosystems
257,Diversity
257,anti-racism & inclusive societies
257,Make financial investments in sustainable companies
258,Working against mental illness
258,Good working conditions in Swedish workplaces
258,Combating corruption & other irregularities
258,Technical innovations and solutions to sustainability challenges
259,Climate change
259,Recycling & reuse of materials
259,Sustainable/environmentally friendly packaging
259,Swedish products
260,Swedish products
260,Swedish production/jobs in Sweden
260,Working against mental illness
260,Make financial investments in sustainable companies
261,Other environmental issues e.g. forest conservation or marine environment
261,Swedish production/jobs in Sweden
261,Animal care
261,Good working conditions in Swedish workplaces
263,Organic products
263,Recycling & reuse of materials
263,Healthy/health-promoting products/services
263,Combating corruption & other irregularities
264,Recycling & reuse of materials
264,Sustainable transport
264,Working against mental illness
264,Gender equality & feminism
266,Healthy/health-promoting products/services
266,Gender equality & feminism
266,Good working conditions in factories/production abroad
266,Other:
267,Energy efficiency
267,Swedish products
267,Engaging in the local community in Sweden
267,Combating corruption & other irregularities
268,Swedish production/jobs in Sweden
268,Good working conditions in Swedish workplaces
268,Good working conditions in factories/production abroad
268,Engaging in the local community in Sweden
269,Sustainable/environmentally friendly packaging
269,Swedish production/jobs in Sweden
269,Combating corruption & other irregularities
269,Technical innovations and solutions to sustainability challenges
270,Recycling & reuse of materials
270,Energy efficiency
270,Gender equality & feminism
270,Good working conditions in Swedish workplaces
271,Biodiversity - animals
271,plants & ecosystems
271,Sustainable transport
271,Gender equality & feminism
271,Good working conditions in Swedish workplaces
272,Recycling & reuse of materials
272,Healthy/health-promoting products/services
272,Good working conditions in Swedish workplaces
272,Engaging in the local community in Sweden
274,Recycling & reuse of materials
274,Working against mental illness
274,Good working conditions in factories/production abroad
274,Technical innovations and solutions to sustainability challenges
275,Organic products
275,Recycling & reuse of materials
275,Swedish products
275,Working against mental illness
276,Organic products
276,Diversity
276,anti-racism & inclusive societies
276,Good working conditions in Swedish workplaces
276,Combating corruption & other irregularities
277,Energy efficiency
277,Swedish products
277,Healthy/health-promoting products/services
277,Engaging in the local community in Sweden
278,Swedish production/jobs in Sweden
279,Recycling & reuse of materials
279,Sustainable transport
279,Energy efficiency
279,Swedish production/jobs in Sweden
280,Working against mental illness
280,Gender equality & feminism
280,Diversity
280,anti-racism & inclusive societies
280,Combating corruption & other irregularities
281,Recycling & reuse of materials
281,Diversity
281,anti-racism & inclusive societies
281,Technical innovations and solutions to sustainability challenges
281,Make financial investments in sustainable companies
282,Other environmental issues e.g. forest conservation or marine environment
282,Swedish products
282,Swedish production/jobs in Sweden
282,Technical innovations and solutions to sustainability challenges
283,Climate change
283,Biodiversity - animals
283,plants & ecosystems
283,Recycling & reuse of materials
283,Gender equality & feminism
284,Organic products
284,Swedish production/jobs in Sweden
284,Healthy/health-promoting products/services
284,Good working conditions in Swedish workplaces
285,Climate change
285,Biodiversity - animals
285,plants & ecosystems
285,Swedish production/jobs in Sweden
285,Engaging in the local community in Sweden
286,Climate change
286,Biodiversity - animals
286,plants & ecosystems
286,Diversity
286,anti-racism & inclusive societies
286,Good working conditions in Swedish workplaces
287,Organic products
287,Swedish products
287,Swedish production/jobs in Sweden
287,Engaging in the local community in Sweden
288,Swedish products
288,Good working conditions in factories/production abroad
288,Combating corruption & other irregularities
289,Climate change
289,Recycling & reuse of materials
289,Working against mental illness
289,Technical innovations and solutions to sustainability challenges
290,Swedish products
290,Swedish production/jobs in Sweden
291,Climate change
291,Organic products
291,Sustainable/environmentally friendly packaging
291,Working against mental illness
292,Other environmental issues e.g. forest conservation or marine environment
292,Swedish products
292,Swedish production/jobs in Sweden
292,Animal care
294,Recycling & reuse of materials
294,Swedish production/jobs in Sweden
294,Good working conditions in Swedish workplaces
294,Good working conditions in factories/production abroad
295,Diversity
295,anti-racism & inclusive societies
295,Good working conditions in Swedish workplaces
295,Good working conditions in factories/production abroad
295,Combating corruption & other irregularities
296,Organic products
296,Recycling & reuse of materials
296,Swedish products
296,Good working conditions in factories/production abroad
297,Swedish production/jobs in Sweden
297,Good working conditions in Swedish workplaces
298,Climate change
298,Swedish products
298,Working against mental illness
298,Good working conditions in Swedish workplaces
299,Working against mental illness
300,Gender equality & feminism
300,Diversity
300,anti-racism & inclusive societies
300,Good working conditions in Swedish workplaces
300,Good working conditions in factories/production abroad
301,Sustainable transport
301,Swedish production/jobs in Sweden
301,Diversity
301,anti-racism & inclusive societies
301,Good working conditions in factories/production abroad
302,Organic products
302,Sustainable/environmentally friendly packaging
302,Healthy/health-promoting products/services
302,Technical innovations and solutions to sustainability challenges
303,Recycling & reuse of materials
303,Sustainable/environmentally friendly packaging
303,Energy efficiency
303,Make financial investments in sustainable companies
304,Climate change
304,Biodiversity - animals
304,plants & ecosystems
304,Energy efficiency
304,Good working conditions in Swedish workplaces
305,Climate change
305,Sustainable transport
305,Energy efficiency
305,Good working conditions in Swedish workplaces
306,Biodiversity - animals
306,plants & ecosystems
306,Other environmental issues e.g. forest conservation or marine environment
306,Swedish production/jobs in Sweden
306,Working against mental illness
308,Sustainable/environmentally friendly packaging
308,LGBTQ issues
308,Good working conditions in factories/production abroad
311,Swedish products
311,Swedish production/jobs in Sweden
311,Good working conditions in Swedish workplaces
311,Engaging in the local community in Sweden
312,Climate change
312,Swedish products
312,Gender equality & feminism
312,Other:
313,Organic products
313,Sustainable/environmentally friendly packaging
313,Swedish products
313,Good working conditions in factories/production abroad
314,Recycling & reuse of materials
314,Healthy/health-promoting products/services
314,Working against mental illness
314,Engaging in the local community in Sweden
315,Climate change
315,Sustainable/environmentally friendly packaging
315,Energy efficiency
315,Engaging in the local community in Sweden
316,Climate change
316,Other environmental issues e.g. forest conservation or marine environment
316,Healthy/health-promoting products/services
316,Good working conditions in factories/production abroad
317,Climate change
317,Working against mental illness
317,Good working conditions in Swedish workplaces
317,Good working conditions in factories/production abroad
318,Climate change
318,Swedish products
318,Swedish production/jobs in Sweden
318,Combating corruption & other irregularities
319,Climate change
319,Recycling & reuse of materials
319,Energy efficiency
319,Healthy/health-promoting products/services
320,Climate change
320,Organic products
320,Good working conditions in Swedish workplaces
320,Make financial investments in sustainable companies
321,Climate change
321,Biodiversity - animals
321,plants & ecosystems
321,Organic products
321,Good working conditions in Swedish workplaces
322,Organic products
322,Energy efficiency
322,Good working conditions in Swedish workplaces
322,Good working conditions in factories/production abroad
323,Biodiversity - animals
323,plants & ecosystems
323,Organic products
323,Good working conditions in factories/production abroad
323,Engaging in the local community in Sweden
324,Swedish products
324,Healthy/health-promoting products/services
324,Working against mental illness
324,Good working conditions in Swedish workplaces
325,Biodiversity - animals
325,plants & ecosystems
325,Energy efficiency
325,Good working conditions in factories/production abroad
325,Combating corruption & other irregularities
326,Organic products
326,Recycling & reuse of materials
326,Swedish production/jobs in Sweden
326,Good working conditions in Swedish workplaces
327,Biodiversity - animals
327,plants & ecosystems
327,Swedish production/jobs in Sweden
327,Healthy/health-promoting products/services
327,Technical innovations and solutions to sustainability challenges
328,None of the above
329,Swedish products
329,Gender equality & feminism
329,Good working conditions in Swedish workplaces
330,Recycling & reuse of materials
330,Sustainable transport
330,Healthy/health-promoting products/services
330,Technical innovations and solutions to sustainability challenges
331,Working against mental illness
331,LGBTQ issues
331,Engaging in the local community in Sweden
332,Organic products
332,Healthy/health-promoting products/services
333,Sustainable/environmentally friendly packaging
333,Sustainable transport
333,Good working conditions in factories/production abroad
333,Technical innovations and solutions to sustainability challenges
334,Climate change
334,Recycling & reuse of materials
334,Energy efficiency
334,Gender equality & feminism
335,Climate change
335,Good working conditions in Swedish workplaces
335,Technical innovations and solutions to sustainability challenges
336,Organic products
336,Recycling & reuse of materials
336,Healthy/health-promoting products/services
336,Technical innovations and solutions to sustainability challenges
337,Climate change
337,Other environmental issues e.g. forest conservation or marine environment
337,Working against mental illness
337,Good working conditions in Swedish workplaces
338,Climate change
338,Other environmental issues e.g. forest conservation or marine environment
338,Sustainable/environmentally friendly packaging
338,Swedish production/jobs in Sweden
339,Climate change
339,Energy efficiency
339,Swedish production/jobs in Sweden
339,Technical innovations and solutions to sustainability challenges
340,Biodiversity - animals
340,plants & ecosystems
340,Other environmental issues e.g. forest conservation or marine environment
340,Organic products
340,Gender equality & feminism
341,Climate change
341,Other environmental issues e.g. forest conservation or marine environment
341,Sustainable/environmentally friendly packaging
341,Healthy/health-promoting products/services
342,Diversity
342,anti-racism & inclusive societies
342,Good working conditions in Swedish workplaces
342,Good working conditions in factories/production abroad
342,Combating corruption & other irregularities
344,Energy efficiency
344,Diversity
344,anti-racism & inclusive societies
344,Good working conditions in factories/production abroad
344,Combating corruption & other irregularities
345,Climate change
345,Engaging in the local community in Sweden
345,Technical innovations and solutions to sustainability challenges
346,None of the above
348,Swedish products
348,Swedish production/jobs in Sweden
348,Good working conditions in Swedish workplaces
348,Engaging in the local community in Sweden
349,Gender equality & feminism
349,Diversity
349,anti-racism & inclusive societies
349,Engaging in the local community in Sweden
349,Combating corruption & other irregularities
350,Recycling & reuse of materials
350,Energy efficiency
350,Swedish production/jobs in Sweden
350,Combating corruption & other irregularities
351,Sustainable/environmentally friendly packaging
351,Engaging in the local community in Sweden
351,Technical innovations and solutions to sustainability challenges
351,Make financial investments in sustainable companies
352,Climate change
352,Sustainable/environmentally friendly packaging
352,Healthy/health-promoting products/services
352,Engaging in the local community in Sweden
353,Climate change
353,Recycling & reuse of materials
353,Sustainable transport
353,Energy efficiency
354,Recycling & reuse of materials
354,Energy efficiency
354,Good working conditions in factories/production abroad
354,Technical innovations and solutions to sustainability challenges
356,Organic products
356,Energy efficiency
356,Swedish products
357,Energy efficiency
357,Swedish production/jobs in Sweden
357,Good working conditions in factories/production abroad
357,Make financial investments in sustainable companies
359,Climate change
359,Animal care
359,Diversity
359,anti-racism & inclusive societies
359,Good working conditions in factories/production abroad
360,Climate change
360,Recycling & reuse of materials
360,Energy efficiency
360,Combating corruption & other irregularities
361,Climate change
361,Good working conditions in Swedish workplaces
361,Good working conditions in factories/production abroad
361,Combating corruption & other irregularities
362,Recycling & reuse of materials
362,Good working conditions in Swedish workplaces
362,Combating corruption & other irregularities
362,Technical innovations and solutions to sustainability challenges
363,Climate change
363,Diversity
363,anti-racism & inclusive societies
363,Good working conditions in Swedish workplaces
363,Combating corruption & other irregularities
364,Climate change
364,Gender equality & feminism
364,Diversity
364,anti-racism & inclusive societies
364,Technical innovations and solutions to sustainability challenges
365,Recycling & reuse of materials
365,Sustainable/environmentally friendly packaging
365,Swedish products
365,Engaging in the local community in Sweden
366,Climate change
366,Energy efficiency
366,Engaging in the local community in Sweden
366,Technical innovations and solutions to sustainability challenges
367,Climate change
368,Recycling & reuse of materials
368,Energy efficiency
368,Good working conditions in Swedish workplaces
368,Engaging in the local community in Sweden
369,Swedish products
369,Swedish production/jobs in Sweden
369,Engaging in the local community in Sweden
370,Climate change
370,Swedish products
370,Gender equality & feminism
371,Swedish production/jobs in Sweden
372,Climate change
372,Swedish products
372,Animal care
373,Recycling & reuse of materials
373,Swedish products
373,Swedish production/jobs in Sweden
373,Good working conditions in Swedish workplaces
374,Climate change
374,Swedish production/jobs in Sweden
374,Gender equality & feminism
374,Combating corruption & other irregularities
376,Climate change
376,Energy efficiency
376,Working against mental illness
376,Combating corruption & other irregularities
377,Recycling & reuse of materials
377,Sustainable transport
377,Swedish products
377,Make financial investments in sustainable companies
378,Recycling & reuse of materials
378,Sustainable/environmentally friendly packaging
378,Swedish products
378,Swedish production/jobs in Sweden
379,Climate change
379,Recycling & reuse of materials
379,Sustainable/environmentally friendly packaging
379,Technical innovations and solutions to sustainability challenges
380,Climate change
380,Sustainable transport
380,Energy efficiency
380,Technical innovations and solutions to sustainability challenges
381,Recycling & reuse of materials
381,Energy efficiency
381,Swedish products
381,Technical innovations and solutions to sustainability challenges
382,Other:
383,Recycling & reuse of materials
383,Swedish products
383,Healthy/health-promoting products/services
384,Animal care
384,Diversity
384,anti-racism & inclusive societies
384,Engaging in the local community in Sweden
384,Combating corruption & other irregularities
385,Climate change
385,Diversity
385,anti-racism & inclusive societies
385,Good working conditions in factories/production abroad
385,Engaging in the local community in Sweden
386,Good working conditions in factories/production abroad
386,Combating corruption & other irregularities
387,Sustainable/environmentally friendly packaging
389,Recycling & reuse of materials
389,Good working conditions in factories/production abroad
390,Swedish production/jobs in Sweden
390,Diversity
390,anti-racism & inclusive societies
390,Make financial investments in sustainable companies
391,Climate change
391,Biodiversity - animals
391,plants & ecosystems
391,Sustainable/environmentally friendly packaging
391,Good working conditions in factories/production abroad
392,Sustainable/environmentally friendly packaging
392,Swedish products
393,Sustainable transport
393,Swedish products
393,Working against mental illness
393,Good working conditions in factories/production abroad
394,Climate change
394,Gender equality & feminism
394,Diversity
394,anti-racism & inclusive societies
394,Good working conditions in Swedish workplaces
395,Technical innovations and solutions to sustainability challenges
396,Biodiversity - animals
396,plants & ecosystems
396,Recycling & reuse of materials
396,Swedish production/jobs in Sweden
396,Diversity
396,anti-racism & inclusive societies
397,Swedish products
397,Swedish production/jobs in Sweden
397,Diversity
397,anti-racism & inclusive societies
397,Technical innovations and solutions to sustainability challenges
398,Biodiversity - animals
398,plants & ecosystems
398,Swedish products
398,Swedish production/jobs in Sweden
398,LGBTQ issues
399,Swedish production/jobs in Sweden
399,Working against mental illness
399,Good working conditions in Swedish workplaces
399,Make financial investments in sustainable companies
400,Animal care
400,Gender equality & feminism
400,Good working conditions in factories/production abroad
400,Make financial investments in sustainable companies
401,Swedish production/jobs in Sweden
401,Combating corruption & other irregularities
402,Swedish products
402,Animal care
402,Gender equality & feminism
402,Good working conditions in factories/production abroad
404,Sustainable transport
404,Healthy/health-promoting products/services
404,Gender equality & feminism
404,Technical innovations and solutions to sustainability challenges
405,Climate change
405,Sustainable/environmentally friendly packaging
405,Technical innovations and solutions to sustainability challenges
405,Other:
406,Swedish products
406,Swedish production/jobs in Sweden
406,Good working conditions in Swedish workplaces
406,Make financial investments in sustainable companies
408,Combating corruption & other irregularities
410,Swedish production/jobs in Sweden
410,Good working conditions in Swedish workplaces
410,Good working conditions in factories/production abroad
411,Recycling & reuse of materials
411,Energy efficiency
411,Good working conditions in Swedish workplaces
411,Combating corruption & other irregularities
412,Climate change
412,Healthy/health-promoting products/services
412,Technical innovations and solutions to sustainability challenges
412,Make financial investments in sustainable companies
413,Climate change
413,Sustainable transport
413,Working against mental illness
413,Technical innovations and solutions to sustainability challenges
414,Energy efficiency
414,Swedish production/jobs in Sweden
414,Engaging in the local community in Sweden
414,Technical innovations and solutions to sustainability challenges
415,Climate change
415,Organic products
415,Sustainable/environmentally friendly packaging
415,Sustainable transport
416,Recycling & reuse of materials
416,Swedish production/jobs in Sweden
416,Good working conditions in Swedish workplaces
416,Make financial investments in sustainable companies
417,Swedish products
417,Good working conditions in Swedish workplaces
417,Engaging in the local community in Sweden
417,Combating corruption & other irregularities
419,Sustainable transport
419,Energy efficiency
419,Diversity
419,anti-racism & inclusive societies
419,Good working conditions in Swedish workplaces
420,Working against mental illness
420,Diversity
420,anti-racism & inclusive societies
420,Good working conditions in Swedish workplaces
420,Good working conditions in factories/production abroad
421,Biodiversity - animals
421,plants & ecosystems
421,Recycling & reuse of materials
421,Energy efficiency
421,Diversity
421,anti-racism & inclusive societies
422,Recycling & reuse of materials
422,Diversity
422,anti-racism & inclusive societies
422,Good working conditions in Swedish workplaces
422,Good working conditions in factories/production abroad
423,Swedish products
423,Swedish production/jobs in Sweden
423,Good working conditions in Swedish workplaces
424,Biodiversity - animals
424,plants & ecosystems
424,Animal care
424,Good working conditions in factories/production abroad
424,Combating corruption & other irregularities
425,Other environmental issues e.g. forest conservation or marine environment
425,Recycling & reuse of materials
425,Sustainable transport
425,Good working conditions in Swedish workplaces
426,Swedish production/jobs in Sweden
426,Healthy/health-promoting products/services
426,Animal care
426,Good working conditions in Swedish workplaces
427,Climate change
427,Diversity
427,anti-racism & inclusive societies
427,Good working conditions in factories/production abroad
427,Make financial investments in sustainable companies
429,Working against mental illness
429,Diversity
429,anti-racism & inclusive societies
429,LGBTQ issues
429,Good working conditions in Swedish workplaces
430,Diversity
430,anti-racism & inclusive societies
430,Combating corruption & other irregularities
430,Technical innovations and solutions to sustainability challenges
431,Swedish products
431,Working against mental illness
431,Good working conditions in Swedish workplaces
431,Combating corruption & other irregularities
432,Biodiversity - animals
432,plants & ecosystems
432,Energy efficiency
432,Diversity
432,anti-racism & inclusive societies
432,Make financial investments in sustainable companies
433,Swedish products
433,Healthy/health-promoting products/services
433,Diversity
433,anti-racism & inclusive societies
433,Good working conditions in Swedish workplaces
434,Climate change
434,Recycling & reuse of materials
434,Working against mental illness
434,Diversity
434,anti-racism & inclusive societies
435,Sustainable/environmentally friendly packaging
435,Sustainable transport
435,Swedish production/jobs in Sweden
435,Good working conditions in factories/production abroad
436,Climate change
436,Recycling & reuse of materials
436,Swedish production/jobs in Sweden
436,Technical innovations and solutions to sustainability challenges
437,Swedish production/jobs in Sweden
437,Healthy/health-promoting products/services
437,Engaging in the local community in Sweden
437,Combating corruption & other irregularities
438,Organic products
438,Swedish products
438,Swedish production/jobs in Sweden
438,Animal care
439,Recycling & reuse of materials
439,Swedish products
439,Swedish production/jobs in Sweden
439,Make financial investments in sustainable companies
440,Recycling & reuse of materials
440,Swedish products
440,Healthy/health-promoting products/services
440,Combating corruption & other irregularities
441,Working against mental illness
441,Gender equality & feminism
441,LGBTQ issues
441,Engaging in the local community in Sweden
442,Biodiversity - animals
442,plants & ecosystems
442,Swedish products
442,Animal care
442,Combating corruption & other irregularities
443,Sustainable transport
443,Energy efficiency
443,Good working conditions in Swedish workplaces
443,Technical innovations and solutions to sustainability challenges
444,Climate change
444,Recycling & reuse of materials
444,Good working conditions in Swedish workplaces
444,Good working conditions in factories/production abroad
445,Climate change
445,Recycling & reuse of materials
445,Combating corruption & other irregularities
445,Technical innovations and solutions to sustainability challenges
446,Recycling & reuse of materials
446,Sustainable transport
446,Swedish products
446,Swedish production/jobs in Sweden
448,Climate change
448,Biodiversity - animals
448,plants & ecosystems
448,Gender equality & feminism
448,Good working conditions in Swedish workplaces
449,Swedish products
449,Swedish production/jobs in Sweden
449,Good working conditions in Swedish workplaces
449,Good working conditions in factories/production abroad
450,Biodiversity - animals
450,plants & ecosystems
450,Recycling & reuse of materials
450,Gender equality & feminism
450,Good working conditions in factories/production abroad
451,Biodiversity - animals
451,plants & ecosystems
451,Sustainable/environmentally friendly packaging
451,Sustainable transport
451,Swedish production/jobs in Sweden
452,Healthy/health-promoting products/services
452,Working against mental illness
452,Good working conditions in Swedish workplaces
452,Technical innovations and solutions to sustainability challenges
453,Sustainable transport
453,Animal care
453,Good working conditions in Swedish workplaces
453,Good working conditions in factories/production abroad
455,Sustainable/environmentally friendly packaging
455,Sustainable transport
455,Energy efficiency
455,Good working conditions in Swedish workplaces
456,Other environmental issues e.g. forest conservation or marine environment
456,Energy efficiency
456,Swedish products
456,Animal care
457,Climate change
457,Recycling & reuse of materials
457,Sustainable transport
457,Energy efficiency
458,Climate change
458,Working against mental illness
458,Good working conditions in factories/production abroad
458,Make financial investments in sustainable companies
459,Organic products
459,Recycling & reuse of materials
459,Energy efficiency
459,Combating corruption & other irregularities
460,Recycling & reuse of materials
460,Healthy/health-promoting products/services
460,Good working conditions in Swedish workplaces
460,Combating corruption & other irregularities
461,Organic products
461,Sustainable/environmentally friendly packaging
461,Sustainable transport
461,Good working conditions in factories/production abroad
462,Sustainable/environmentally friendly packaging
462,Sustainable transport
462,Healthy/health-promoting products/services
462,Engaging in the local community in Sweden
463,Swedish products
463,Working against mental illness
463,Engaging in the local community in Sweden
463,Combating corruption & other irregularities
464,Climate change
464,Recycling & reuse of materials
464,Swedish production/jobs in Sweden
464,Good working conditions in Swedish workplaces
465,Climate change
465,Recycling & reuse of materials
465,Sustainable/environmentally friendly packaging
465,Swedish products
466,Recycling & reuse of materials
466,Sustainable/environmentally friendly packaging
466,Sustainable transport
466,Technical innovations and solutions to sustainability challenges
467,Energy efficiency
467,Swedish products
467,Swedish production/jobs in Sweden
467,Healthy/health-promoting products/services
468,Climate change
468,Swedish production/jobs in Sweden
468,Diversity
468,anti-racism & inclusive societies
468,Good working conditions in factories/production abroad
469,Climate change
469,Recycling & reuse of materials
469,Swedish production/jobs in Sweden
469,Combating corruption & other irregularities
470,Swedish products
470,Swedish production/jobs in Sweden
470,Good working conditions in Swedish workplaces
471,Swedish production/jobs in Sweden
471,Working against mental illness
471,Good working conditions in Swedish workplaces
471,Make financial investments in sustainable companies
472,Climate change
472,Diversity
472,anti-racism & inclusive societies
472,Good working conditions in factories/production abroad
472,Combating corruption & other irregularities
473,Sustainable transport
473,Swedish production/jobs in Sweden
473,Good working conditions in factories/production abroad
473,Engaging in the local community in Sweden
474,Sustainable transport
474,Swedish products
474,Swedish production/jobs in Sweden
474,Engaging in the local community in Sweden
475,Animal care
476,Climate change
476,Sustainable transport
476,Energy efficiency
476,Technical innovations and solutions to sustainability challenges
477,Biodiversity - animals
477,plants & ecosystems
477,Energy efficiency
477,Gender equality & feminism
478,Sustainable/environmentally friendly packaging
478,Energy efficiency
478,Good working conditions in Swedish workplaces
478,Combating corruption & other irregularities
479,Climate change
479,Sustainable/environmentally friendly packaging
479,Working against mental illness
479,Diversity
479,anti-racism & inclusive societies
480,Climate change
480,Recycling & reuse of materials
480,Energy efficiency
480,Swedish products
482,Recycling & reuse of materials
482,Energy efficiency
482,Swedish production/jobs in Sweden
482,Technical innovations and solutions to sustainability challenges
483,Recycling & reuse of materials
483,Sustainable transport
483,Energy efficiency
483,Swedish products
484,Other environmental issues e.g. forest conservation or marine environment
484,Swedish products
484,Healthy/health-promoting products/services
484,Combating corruption & other irregularities
485,Recycling & reuse of materials
485,Energy efficiency
485,Healthy/health-promoting products/services
485,Good working conditions in Swedish workplaces
487,Climate change
487,Organic products
487,Recycling & reuse of materials
487,Good working conditions in factories/production abroad
488,Healthy/health-promoting products/services
488,Working against mental illness
488,Good working conditions in factories/production abroad
489,Climate change
489,Recycling & reuse of materials
489,Diversity
489,anti-racism & inclusive societies
489,Combating corruption & other irregularities
490,Gender equality & feminism
490,Good working conditions in Swedish workplaces
490,Good working conditions in factories/production abroad
491,Gender equality & feminism
491,Diversity
491,anti-racism & inclusive societies
491,Good working conditions in Swedish workplaces
491,Engaging in the local community in Sweden
492,Swedish products
492,Swedish production/jobs in Sweden
492,Working against mental illness
492,Combating corruption & other irregularities
493,Swedish products
493,Good working conditions in Swedish workplaces
493,Combating corruption & other irregularities
493,Technical innovations and solutions to sustainability challenges
494,Recycling & reuse of materials
494,Energy efficiency
494,Good working conditions in Swedish workplaces
494,Good working conditions in factories/production abroad
495,Biodiversity - animals
495,plants & ecosystems
495,Good working conditions in Swedish workplaces
495,Engaging in the local community in Sweden
495,Technical innovations and solutions to sustainability challenges
496,Climate change
496,Biodiversity - animals
496,plants & ecosystems
496,Other environmental issues e.g. forest conservation or marine environment
496,Working against mental illness
497,Climate change
497,Sustainable/environmentally friendly packaging
497,Gender equality & feminism
497,Good working conditions in factories/production abroad
498,Recycling & reuse of materials
498,Energy efficiency
498,Diversity
498,anti-racism & inclusive societies
498,Good working conditions in factories/production abroad
499,Energy efficiency
499,Combating corruption & other irregularities
499,Technical innovations and solutions to sustainability challenges
500,Organic products
500,Energy efficiency
500,Good working conditions in Swedish workplaces
500,Good working conditions in factories/production abroad
501,Gender equality & feminism
501,Diversity
501,anti-racism & inclusive societies
501,Good working conditions in Swedish workplaces
501,Engaging in the local community in Sweden
502,Energy efficiency
502,Swedish production/jobs in Sweden
502,Working against mental illness
502,Combating corruption & other irregularities
504,Recycling & reuse of materials
504,Swedish production/jobs in Sweden
504,Engaging in the local community in Sweden
504,Combating corruption & other irregularities
505,Gender equality & feminism
505,Diversity
505,anti-racism & inclusive societies
505,Good working conditions in Swedish workplaces
505,Combating corruption & other irregularities
506,Working against mental illness
506,Animal care
506,Diversity
506,anti-racism & inclusive societies
506,LGBTQ issues
507,Sustainable/environmentally friendly packaging
507,Working against mental illness
507,Diversity
507,anti-racism & inclusive societies
507,Technical innovations and solutions to sustainability challenges
509,Swedish production/jobs in Sweden
509,Healthy/health-promoting products/services
509,Gender equality & feminism
509,Good working conditions in Swedish workplaces
510,Energy efficiency
510,Swedish production/jobs in Sweden
510,Good working conditions in Swedish workplaces
510,Technical innovations and solutions to sustainability challenges
511,Good working conditions in Swedish workplaces
511,Good working conditions in factories/production abroad
511,Technical innovations and solutions to sustainability challenges
512,Recycling & reuse of materials
512,Swedish products
513,Biodiversity - animals
513,plants & ecosystems
513,Working against mental illness
513,Animal care
513,Good working conditions in Swedish workplaces
514,Biodiversity - animals
514,plants & ecosystems
514,Organic products
514,Swedish products
514,Diversity
514,anti-racism & inclusive societies
515,Climate change
515,Biodiversity - animals
515,plants & ecosystems
515,Gender equality & feminism
515,Diversity
515,anti-racism & inclusive societies
516,Recycling & reuse of materials
516,Good working conditions in Swedish workplaces
516,Good working conditions in factories/production abroad
516,Combating corruption & other irregularities
517,Recycling & reuse of materials
517,Swedish production/jobs in Sweden
517,Good working conditions in Swedish workplaces
517,Combating corruption & other irregularities
518,Working against mental illness
518,Animal care
518,Good working conditions in factories/production abroad
518,Combating corruption & other irregularities
519,Sustainable/environmentally friendly packaging
519,Swedish products
520,Good working conditions in factories/production abroad
521,Organic products
521,Recycling & reuse of materials
521,Sustainable transport
521,Swedish products
522,Swedish products
522,Swedish production/jobs in Sweden
522,Combating corruption & other irregularities
523,Recycling & reuse of materials
523,Swedish products
523,Swedish production/jobs in Sweden
523,Good working conditions in factories/production abroad
524,Climate change
524,Recycling & reuse of materials
524,Good working conditions in factories/production abroad
524,Make financial investments in sustainable companies
525,Organic products
525,Recycling & reuse of materials
525,Swedish products
526,Swedish production/jobs in Sweden
526,Working against mental illness
526,Good working conditions in factories/production abroad
526,Combating corruption & other irregularities
527,Recycling & reuse of materials
527,Energy efficiency
527,Healthy/health-promoting products/services
527,Technical innovations and solutions to sustainability challenges
528,Recycling & reuse of materials
528,Sustainable transport
528,Swedish products
528,Good working conditions in Swedish workplaces
530,Swedish production/jobs in Sweden
530,Working against mental illness
530,Good working conditions in factories/production abroad
530,Combating corruption & other irregularities
531,Swedish products
531,Swedish production/jobs in Sweden
531,Engaging in the local community in Sweden
532,Biodiversity - animals
532,plants & ecosystems
532,Sustainable/environmentally friendly packaging
532,Diversity
532,anti-racism & inclusive societies
532,Good working conditions in factories/production abroad
533,Recycling & reuse of materials
533,Sustainable/environmentally friendly packaging
533,Sustainable transport
533,Energy efficiency
534,Swedish products
534,Gender equality & feminism
534,Good working conditions in Swedish workplaces
534,Engaging in the local community in Sweden
535,Gender equality & feminism
535,Diversity
535,anti-racism & inclusive societies
535,Good working conditions in Swedish workplaces
535,Combating corruption & other irregularities
536,Energy efficiency
536,Swedish production/jobs in Sweden
536,Good working conditions in factories/production abroad
536,Technical innovations and solutions to sustainability challenges
537,Biodiversity - animals
537,plants & ecosystems
537,Working against mental illness
537,LGBTQ issues
538,Energy efficiency
538,Swedish production/jobs in Sweden
539,Climate change
539,Swedish products
539,Swedish production/jobs in Sweden
539,Working against mental illness
540,Swedish products
540,Swedish production/jobs in Sweden
541,Good working conditions in Swedish workplaces
541,Good working conditions in factories/production abroad
541,Technical innovations and solutions to sustainability challenges
541,Make financial investments in sustainable companies
542,Energy efficiency
542,Swedish production/jobs in Sweden
542,Good working conditions in Swedish workplaces
542,Engaging in the local community in Sweden
543,Climate change
543,Swedish products
543,Swedish production/jobs in Sweden
543,Good working conditions in Swedish workplaces
545,Animal care
545,Good working conditions in Swedish workplaces
545,Good working conditions in factories/production abroad
545,Engaging in the local community in Sweden
546,Recycling & reuse of materials
546,Swedish production/jobs in Sweden
546,Working against mental illness
547,Diversity
547,anti-racism & inclusive societies
547,LGBTQ issues
547,Good working conditions in Swedish workplaces
547,Combating corruption & other irregularities
548,Animal care
548,Gender equality & feminism
548,Technical innovations and solutions to sustainability challenges
549,Organic products
549,Sustainable transport
549,Swedish products
549,Good working conditions in Swedish workplaces
550,Recycling & reuse of materials
550,Swedish products
550,Swedish production/jobs in Sweden
550,Engaging in the local community in Sweden
551,Climate change
551,Swedish products
551,Combating corruption & other irregularities
551,Technical innovations and solutions to sustainability challenges
552,Organic products
552,Good working conditions in Swedish workplaces
552,Good working conditions in factories/production abroad
552,Engaging in the local community in Sweden
553,Recycling & reuse of materials
553,Animal care
553,Good working conditions in Swedish workplaces
553,Combating corruption & other irregularities
554,Climate change
554,Recycling & reuse of materials
554,Swedish production/jobs in Sweden
554,Combating corruption & other irregularities
555,Other environmental issues e.g. forest conservation or marine environment
555,Recycling & reuse of materials
555,Sustainable/environmentally friendly packaging
555,Swedish production/jobs in Sweden
556,Biodiversity - animals
556,plants & ecosystems
556,Sustainable transport
556,Diversity
556,anti-racism & inclusive societies
556,Good working conditions in Swedish workplaces
557,Climate change
557,Sustainable/environmentally friendly packaging
557,Good working conditions in Swedish workplaces
557,Good working conditions in factories/production abroad
558,Other environmental issues e.g. forest conservation or marine environment
558,Sustainable/environmentally friendly packaging
558,Sustainable transport
558,Good working conditions in Swedish workplaces
559,Energy efficiency
559,Swedish production/jobs in Sweden
559,Good working conditions in Swedish workplaces
559,Technical innovations and solutions to sustainability challenges
561,Organic products
561,Swedish production/jobs in Sweden
561,Healthy/health-promoting products/services
561,Good working conditions in factories/production abroad
562,Biodiversity - animals
562,plants & ecosystems
562,Recycling & reuse of materials
562,Swedish products
562,Swedish production/jobs in Sweden
563,Swedish products
563,Swedish production/jobs in Sweden
563,Good working conditions in Swedish workplaces
563,Engaging in the local community in Sweden
564,Recycling & reuse of materials
564,Working against mental illness
564,Diversity
564,anti-racism & inclusive societies
564,Good working conditions in Swedish workplaces
565,Recycling & reuse of materials
565,Energy efficiency
565,Combating corruption & other irregularities
565,Make financial investments in sustainable companies
566,Swedish production/jobs in Sweden
566,Working against mental illness
566,Good working conditions in Swedish workplaces
566,Good working conditions in factories/production abroad
567,Swedish production/jobs in Sweden
567,Good working conditions in Swedish workplaces
567,Good working conditions in factories/production abroad
567,Engaging in the local community in Sweden
570,Swedish products
570,Swedish production/jobs in Sweden
570,Diversity
570,anti-racism & inclusive societies
570,Good working conditions in Swedish workplaces
571,Recycling & reuse of materials
571,Sustainable/environmentally friendly packaging
571,Good working conditions in Swedish workplaces
571,Engaging in the local community in Sweden
572,Biodiversity - animals
572,plants & ecosystems
572,Sustainable transport
572,Swedish products
572,Healthy/health-promoting products/services
573,Other environmental issues e.g. forest conservation or marine environment
573,Swedish products
573,Swedish production/jobs in Sweden
573,Good working conditions in Swedish workplaces
574,Working against mental illness
575,Recycling & reuse of materials
575,Swedish products
575,Diversity
575,anti-racism & inclusive societies
575,Engaging in the local community in Sweden
576,Climate change
576,Diversity
576,anti-racism & inclusive societies
576,Technical innovations and solutions to sustainability challenges
576,Make financial investments in sustainable companies
577,Swedish production/jobs in Sweden
577,Gender equality & feminism
577,Diversity
577,anti-racism & inclusive societies
577,Engaging in the local community in Sweden
578,Climate change
578,Energy efficiency
578,Combating corruption & other irregularities
578,Technical innovations and solutions to sustainability challenges
579,Organic products
579,Sustainable/environmentally friendly packaging
579,Good working conditions in factories/production abroad
579,Make financial investments in sustainable companies
580,Sustainable transport
580,Swedish products
580,Diversity
580,anti-racism & inclusive societies
580,Good working conditions in factories/production abroad
581,Recycling & reuse of materials
581,Swedish production/jobs in Sweden
581,Healthy/health-promoting products/services
581,Animal care
582,Climate change
582,Biodiversity - animals
582,plants & ecosystems
582,Diversity
582,anti-racism & inclusive societies
582,Make financial investments in sustainable companies
583,Recycling & reuse of materials
583,Healthy/health-promoting products/services
583,Working against mental illness
583,Good working conditions in Swedish workplaces
584,Recycling & reuse of materials
584,Sustainable transport
584,Swedish products
584,Swedish production/jobs in Sweden
585,Organic products
585,Sustainable/environmentally friendly packaging
585,Swedish products
586,Recycling & reuse of materials
586,Sustainable/environmentally friendly packaging
586,Swedish production/jobs in Sweden
586,Healthy/health-promoting products/services
587,Swedish production/jobs in Sweden
587,Good working conditions in Swedish workplaces
587,Combating corruption & other irregularities
587,Technical innovations and solutions to sustainability challenges
588,Biodiversity - animals
588,plants & ecosystems
588,Organic products
588,Healthy/health-promoting products/services
588,Good working conditions in Swedish workplaces
589,Organic products
589,Sustainable/environmentally friendly packaging
589,Swedish production/jobs in Sweden
589,Good working conditions in Swedish workplaces
590,Recycling & reuse of materials
590,Healthy/health-promoting products/services
590,Working against mental illness
590,Diversity
590,anti-racism & inclusive societies
591,Swedish products
591,Working against mental illness
591,Gender equality & feminism
591,Good working conditions in factories/production abroad
592,Biodiversity - animals
592,plants & ecosystems
592,Working against mental illness
592,Diversity
592,anti-racism & inclusive societies
592,Good working conditions in Swedish workplaces
593,Working against mental illness
593,Good working conditions in Swedish workplaces
593,Good working conditions in factories/production abroad
593,Combating corruption & other irregularities
594,Biodiversity - animals
594,plants & ecosystems
594,Good working conditions in Swedish workplaces
594,Good working conditions in factories/production abroad
594,Combating corruption & other irregularities
595,Climate change
595,Recycling & reuse of materials
595,Good working conditions in Swedish workplaces
595,Combating corruption & other irregularities
596,Energy efficiency
596,Swedish production/jobs in Sweden
596,Good working conditions in Swedish workplaces
596,Combating corruption & other irregularities
597,Climate change
597,Sustainable/environmentally friendly packaging
597,Sustainable transport
597,Energy efficiency
598,Organic products
598,Recycling & reuse of materials
598,Healthy/health-promoting products/services
598,Good working conditions in Swedish workplaces
599,Energy efficiency
599,Swedish products
599,Swedish production/jobs in Sweden
599,Engaging in the local community in Sweden
600,Sustainable/environmentally friendly packaging
600,Sustainable transport
600,Working against mental illness
600,Good working conditions in Swedish workplaces
601,Other environmental issues e.g. forest conservation or marine environment
601,Working against mental illness
601,Animal care
601,Good working conditions in Swedish workplaces
603,Engaging in the local community in Sweden
603,Technical innovations and solutions to sustainability challenges
605,Sustainable/environmentally friendly packaging
605,Sustainable transport
605,Energy efficiency
605,Technical innovations and solutions to sustainability challenges
606,Energy efficiency
606,Swedish production/jobs in Sweden
606,Engaging in the local community in Sweden
606,Combating corruption & other irregularities
607,Sustainable transport
608,Recycling & reuse of materials
608,Sustainable/environmentally friendly packaging
608,Good working conditions in Swedish workplaces
608,Technical innovations and solutions to sustainability challenges
609,Sustainable/environmentally friendly packaging
609,Swedish products
609,Good working conditions in Swedish workplaces
609,Combating corruption & other irregularities
610,Other environmental issues e.g. forest conservation or marine environment
610,Recycling & reuse of materials
610,Sustainable/environmentally friendly packaging
610,Energy efficiency
612,Recycling & reuse of materials
612,Swedish production/jobs in Sweden
612,Good working conditions in Swedish workplaces
613,Climate change
613,Healthy/health-promoting products/services
613,Good working conditions in Swedish workplaces
613,Good working conditions in factories/production abroad
614,Climate change
614,Swedish production/jobs in Sweden
614,Healthy/health-promoting products/services
615,Biodiversity - animals
615,plants & ecosystems
615,Good working conditions in Swedish workplaces
616,Recycling & reuse of materials
616,Good working conditions in Swedish workplaces
617,Biodiversity - animals
617,plants & ecosystems
617,Recycling & reuse of materials
617,Swedish products
617,Good working conditions in Swedish workplaces
618,Swedish products
618,Good working conditions in Swedish workplaces
618,Engaging in the local community in Sweden
618,Combating corruption & other irregularities
619,Climate change
619,Recycling & reuse of materials
619,Sustainable transport
619,Energy efficiency
620,Recycling & reuse of materials
620,Energy efficiency
620,Diversity
620,anti-racism & inclusive societies
620,Combating corruption & other irregularities
621,Recycling & reuse of materials
621,Sustainable/environmentally friendly packaging
621,Good working conditions in Swedish workplaces
622,Sustainable/environmentally friendly packaging
622,Energy efficiency
622,Healthy/health-promoting products/services
622,Combating corruption & other irregularities
623,Climate change
623,Organic products
623,Recycling & reuse of materials
623,Swedish production/jobs in Sweden
624,Climate change
624,Swedish products
624,Working against mental illness
624,Combating corruption & other irregularities
625,Other environmental issues e.g. forest conservation or marine environment
625,Healthy/health-promoting products/services
625,Gender equality & feminism
625,Make financial investments in sustainable companies
626,Organic products
626,Sustainable transport
626,Healthy/health-promoting products/services
626,Good working conditions in Swedish workplaces
627,None of the above
628,None of the above
629,Energy efficiency
629,Good working conditions in Swedish workplaces
629,Combating corruption & other irregularities
630,Energy efficiency
630,Swedish production/jobs in Sweden
630,Engaging in the local community in Sweden
630,Technical innovations and solutions to sustainability challenges
631,Energy efficiency
631,Swedish production/jobs in Sweden
631,Gender equality & feminism
631,Technical innovations and solutions to sustainability challenges
632,Recycling & reuse of materials
632,Swedish products
632,Animal care
632,Good working conditions in Swedish workplaces
633,Climate change
633,Recycling & reuse of materials
633,Sustainable/environmentally friendly packaging
633,Good working conditions in factories/production abroad
634,Swedish products
634,Swedish production/jobs in Sweden
635,Sustainable/environmentally friendly packaging
635,Swedish production/jobs in Sweden
635,Good working conditions in factories/production abroad
635,Combating corruption & other irregularities
636,Recycling & reuse of materials
636,Working against mental illness
636,Gender equality & feminism
636,Good working conditions in Swedish workplaces
637,Healthy/health-promoting products/services
637,Diversity
637,anti-racism & inclusive societies
637,Good working conditions in Swedish workplaces
637,Good working conditions in factories/production abroad
638,Sustainable transport
638,Swedish production/jobs in Sweden
638,Good working conditions in Swedish workplaces
638,Good working conditions in factories/production abroad
639,Climate change
639,Good working conditions in Swedish workplaces
639,Technical innovations and solutions to sustainability challenges
640,Swedish products
640,Healthy/health-promoting products/services
640,Good working conditions in Swedish workplaces
640,Combating corruption & other irregularities
641,Organic products
641,Recycling & reuse of materials
641,Swedish production/jobs in Sweden
641,Technical innovations and solutions to sustainability challenges
642,Organic products
642,Swedish products
642,Healthy/health-promoting products/services
642,Good working conditions in Swedish workplaces
643,Diversity
643,anti-racism & inclusive societies
643,Good working conditions in Swedish workplaces
643,Technical innovations and solutions to sustainability challenges
644,Biodiversity - animals
644,plants & ecosystems
644,Organic products
644,Recycling & reuse of materials
645,Recycling & reuse of materials
645,Sustainable transport
645,Energy efficiency
645,Swedish production/jobs in Sweden
646,None of the above
647,None of the above
648,Sustainable/environmentally friendly packaging
648,Energy efficiency
648,Gender equality & feminism
648,Good working conditions in Swedish workplaces
649,Sustainable transport
649,Working against mental illness
649,Good working conditions in Swedish workplaces
649,Good working conditions in factories/production abroad
650,Good working conditions in Swedish workplaces
650,Good working conditions in factories/production abroad
650,Combating corruption & other irregularities
650,Technical innovations and solutions to sustainability challenges
